{
  "accuracy": 0.5276315789473685,
  "baseline": 0.4342105263157895,
  "cv_mean": 0.4740131578947368,
  "cv_std": 0.02770588380163889,
  "n_features": 15,
  "n_train": 3040,
  "n_test": 760
}